,pred,proba,subid,t
0,1.0,95.67,KKI-0050826,30.91
1,0.0,1.33,UM-1-0050375,26.24
2,1.0,95.67,UM-1-0050283,25.34
3,1.0,95.0,UCLA-1-0051213,30.32
4,0.0,6.0,UCLA-2-0051300,29.27
5,1.0,86.0,UM-1-0050306,28.56
6,1.0,95.33,UM-1-0050322,28.52
7,1.0,94.0,Olin-0050110,32.18
8,1.0,96.0,Stanford-0051191,28.88
9,1.0,91.33,UM-1-0050317,27.53
10,0.0,6.33,Pitt-0050060,35.48
11,0.0,2.67,UM-1-0050321,28.09
12,0.0,2.0,UM-2-0050388,27.97
13,0.0,5.0,USM-0050443,47.41
14,0.0,4.0,SDSU-0050214,30.9
15,0.0,5.0,UM-2-0050385,29.82
16,0.0,3.33,Olin-0050119,30.59
17,1.0,94.0,SDSU-0050185,30.3
18,0.0,3.0,MaxMun-d-0051331,30.05
19,0.0,5.33,UM-2-0050406,28.2
20,0.0,6.0,SDSU-0050202,30.54
21,1.0,92.0,UM-1-0050316,27.02
22,0.0,6.67,UCLA-1-0051272,28.7
23,0.0,3.0,MaxMun-d-0051356,29.26
24,1.0,85.67,UM-1-0050312,28.35
25,0.0,4.0,UM-1-0050356,27.52
26,1.0,95.67,USM-0050511,49.55
27,0.0,5.0,KKI-0050821,29.51
28,1.0,93.0,UM-1-0050305,27.14
29,1.0,92.67,SDSU-0050212,31.47
30,1.0,97.67,Stanford-0051174,28.02
31,1.0,90.33,Pitt-0050017,37.39
32,0.0,2.67,UM-1-0050338,25.84
33,1.0,99.0,MaxMun-d-0051353,28.29
34,0.0,2.0,UM-2-0050399,27.36
35,1.0,92.67,UM-1-0050311,27.02
36,0.0,4.67,KKI-0050781,29.73
37,0.0,2.0,UM-1-0050368,28.28
38,1.0,95.33,Stanford-0051160,29.22
39,1.0,87.0,MaxMun-d-0051352,30.69
40,0.0,3.0,UM-2-0050386,28.39
41,0.0,0.67,UM-1-0050358,25.88
42,0.0,6.0,USM-0050507,46.17
43,1.0,98.33,Stanford-0051190,28.0
44,0.0,1.33,UM-1-0050365,26.37
45,0.0,2.0,UM-1-0050314,28.57
46,1.0,92.0,UCLA-2-0051314,30.12
47,0.0,6.67,Olin-0050124,31.32
48,1.0,96.67,UM-1-0050299,26.29
49,0.0,2.0,UM-1-0050289,26.2
50,0.0,7.67,UM-2-0050414,28.79
51,1.0,96.33,Stanford-0051166,29.22
52,1.0,91.33,USM-0050489,53.03
53,0.0,5.33,UM-1-0050380,28.33
54,1.0,95.33,Olin-0050136,31.88
55,1.0,95.0,KKI-0050815,30.48
56,1.0,95.33,UCLA-2-0051312,31.37
57,1.0,89.33,UM-1-0050288,27.8
58,0.0,8.33,UCLA-2-0051294,29.27
59,1.0,97.67,Stanford-0051199,28.27
60,1.0,94.67,Olin-0050133,31.29
61,0.0,13.0,Yale-0050602,32.12
62,1.0,83.0,Yale-0050618,29.47
63,0.0,4.0,KKI-0050798,31.43
64,1.0,93.67,UM-1-0050313,27.65
65,0.0,1.0,UM-1-0050340,25.88
66,0.0,4.33,UM-1-0050362,27.29
67,1.0,90.0,KKI-0050785,29.01
68,1.0,94.33,UCLA-2-0051296,34.09
69,0.0,5.0,Olin-0050130,31.64
70,1.0,94.67,UM-1-0050303,27.88
71,0.0,12.67,UCLA-2-0051306,29.34
72,0.0,22.0,Pitt-0050003,35.62
73,0.0,35.0,Stanford-0051167,31.58
74,0.0,2.67,MaxMun-c-0051333,30.66
75,1.0,56.0,UCLA-1-0051215,30.32
76,0.0,8.0,NYU-0051114,30.63
77,0.0,7.0,Caltech-0051481,31.08
78,0.0,4.33,Caltech-0051477,28.73
79,1.0,75.33,UCLA-1-0051258,29.6
80,0.0,9.33,UM-2-0050383,28.03
81,0.0,40.33,Pitt-0050033,34.49
82,0.0,4.0,Trinity-0050240,29.47
83,1.0,69.0,Stanford-0051164,27.52
84,1.0,79.0,UM-1-0050352,27.79
85,0.0,7.67,Caltech-0051489,31.79
86,0.0,9.33,Stanford-0051182,28.6
87,0.0,9.67,NYU-0051093,29.46
88,0.0,8.33,MaxMun-a-0051362,29.29
89,0.0,44.33,SDSU-0050207,31.21
90,0.0,5.67,Leuven-2-0050728,30.77
91,0.0,14.33,NYU-0050959,28.97
92,0.0,5.0,UM-1-0050280,28.87
93,0.0,7.0,USM-0050446,47.88
94,0.0,20.33,NYU-0051011,30.86
95,0.0,6.0,MaxMun-a-0051607,29.1
96,0.0,6.67,SDSU-0050213,30.73
97,0.0,27.33,Stanford-0051187,27.22
98,0.0,10.33,Yale-0050627,28.4
99,1.0,82.33,UM-1-0050326,28.36
100,0.0,14.0,NYU-0051082,30.87
101,0.0,5.0,USM-0050494,46.05
102,0.0,13.67,UCLA-1-0051210,28.53
103,0.0,30.67,Leuven-1-0050701,32.01
104,0.0,5.67,USM-0050467,45.8
105,0.0,8.33,USM-0050505,48.27
106,0.0,6.67,KKI-0050791,30.53
107,0.0,5.67,OHSU-0050148,30.28
108,0.0,7.0,Caltech-0051488,29.15
109,0.0,5.0,UM-1-0050319,28.12
110,0.0,14.33,Stanford-0051170,28.1
111,0.0,1.33,MaxMun-c-0051328,28.71
112,0.0,6.0,Yale-0050612,30.09
113,0.0,7.33,Caltech-0051459,30.11
114,0.0,8.67,UCLA-1-0051271,28.9
115,0.0,7.0,Yale-0050577,30.9
116,1.0,87.67,Olin-0050122,30.35
117,0.0,33.67,Stanford-0051162,28.85
118,0.0,6.0,Caltech-0051472,31.18
119,0.0,43.33,Leuven-2-0050750,33.22
120,0.0,27.0,NYU-0051030,30.86
121,0.0,8.67,NYU-0051051,28.41
122,0.0,6.67,NYU-0051039,28.0
123,0.0,2.33,USM-0050444,44.73
124,0.0,10.33,NYU-0051097,30.09
125,0.0,15.33,NYU-0050978,29.55
126,0.0,5.33,Caltech-0051468,30.76
127,0.0,20.0,UCLA-1-0051228,27.59
128,0.0,8.0,Caltech-0051474,31.57
129,1.0,81.0,SDSU-0050186,31.28
130,0.0,29.33,UM-1-0050333,27.09
131,0.0,8.0,USM-0050449,45.24
132,0.0,6.33,NYU-0051107,29.84
133,0.0,5.33,NYU-0050955,26.85
134,0.0,30.0,MaxMun-d-0051349,28.9
135,0.0,4.0,Caltech-0051480,29.88
136,0.0,6.67,Pitt-0050004,34.6
137,0.0,2.0,UM-1-0050315,27.37
138,0.0,5.0,Pitt-0050037,34.74
139,1.0,65.0,UM-1-0050337,29.26
140,0.0,8.0,OHSU-0050161,29.35
141,1.0,84.67,UM-1-0050281,26.46
142,1.0,87.67,Stanford-0051186,27.69
143,1.0,78.0,Olin-0050126,31.09
144,0.0,11.0,UCLA-1-0051203,27.81
145,0.0,44.33,Trinity-0050265,29.4
146,0.0,28.67,Pitt-0050053,32.4
147,0.0,10.67,Stanford-0051194,29.27
148,0.0,15.0,Stanford-0051168,29.7
149,0.0,14.67,Olin-0050135,30.99
150,1.0,77.67,UCLA-1-0051211,30.48
151,0.0,14.0,Yale-0050604,32.11
152,1.0,85.33,Stanford-0051193,29.25
153,0.0,10.0,Stanford-0051178,28.81
154,0.0,2.0,Trinity-0050266,29.5
155,0.0,19.67,Pitt-0050020,35.81
156,0.0,3.67,NYU-0050964,26.72
157,0.0,7.67,Trinity-0051136,30.4
158,0.0,5.67,KKI-0050804,30.83
159,0.0,11.67,NYU-0051070,28.64
160,0.0,6.33,Caltech-0051476,31.47
161,0.0,10.0,NYU-0051007,28.37
162,1.0,56.33,MaxMun-d-0051350,29.58
163,0.0,45.67,NYU-0051109,30.44
164,1.0,86.33,UM-1-0050277,25.96
165,0.0,12.0,Yale-0050557,31.52
166,0.0,32.0,NYU-0051127,31.03
167,0.0,4.67,KKI-0050786,28.78
168,0.0,2.0,CMU-a-0050646,29.92
169,0.0,6.0,NYU-0051047,28.9
170,1.0,86.0,SDSU-0050192,31.09
171,0.0,8.0,UCLA-1-0051234,28.45
172,0.0,15.67,Yale-0050606,30.79
173,0.0,42.33,Yale-0050605,31.06
174,1.0,80.67,KKI-0050825,30.66
175,0.0,6.67,USM-0050487,30.6
176,0.0,39.33,NYU-0051034,30.52
177,0.0,4.67,UM-1-0050324,28.4
178,1.0,85.33,UCLA-2-0051316,29.59
179,0.0,30.33,Leuven-2-0050736,30.89
180,0.0,8.33,USM-0050518,46.68
181,1.0,85.33,UM-1-0050304,27.59
182,0.0,1.33,CMU-b-0050648,27.65
183,1.0,82.67,UM-1-0050284,26.91
184,0.0,9.67,NYU-0051096,30.23
185,0.0,3.0,SBL-0051567,28.57
186,0.0,8.33,MaxMun-a-0051364,30.51
187,0.0,5.33,UCLA-1-0051230,26.98
188,0.0,4.33,SBL-0051575,29.8
189,0.0,3.33,Trinity-0051134,29.28
190,0.0,6.67,Leuven-2-0050739,32.59
191,1.0,93.33,UM-1-0050371,28.74
192,0.0,8.33,USM-0050435,45.73
193,0.0,2.33,MaxMun-c-0051335,30.02
194,0.0,9.33,OHSU-0050145,29.73
195,0.0,6.0,Pitt-0050047,34.54
196,0.0,7.0,Caltech-0051467,30.44
197,1.0,90.33,UCLA-1-0051209,29.54
198,0.0,13.33,UCLA-1-0051278,30.38
199,0.0,9.67,UCLA-2-0051315,29.44
200,0.0,3.67,UM-2-0050391,28.78
201,1.0,78.67,SDSU-0050190,30.99
202,0.0,6.0,Olin-0050131,30.64
203,0.0,8.67,UCLA-2-0051313,29.42
204,1.0,80.67,Trinity-0050242,29.43
205,1.0,58.0,NYU-0050987,29.85
206,1.0,60.33,Stanford-0051192,27.45
207,0.0,9.0,OHSU-0050167,29.64
208,1.0,94.0,SDSU-0050197,30.48
209,0.0,21.67,Stanford-0051177,28.59
210,0.0,6.0,Leuven-2-0050754,31.73
211,0.0,7.67,Leuven-1-0050707,32.53
212,1.0,86.0,KKI-0050779,30.77
213,1.0,79.33,UM-1-0050359,25.98
214,1.0,66.33,Stanford-0051183,29.29
215,0.0,5.0,Leuven-1-0050705,32.11
216,1.0,62.67,Olin-0050120,30.7
217,0.0,9.33,NYU-0051094,30.46
218,1.0,74.33,KKI-0050789,30.11
219,0.0,8.67,OHSU-0050168,28.72
220,0.0,11.33,NYU-0051044,29.67
221,0.0,6.0,Leuven-2-0050735,30.27
222,0.0,12.0,Leuven-2-0050751,31.55
223,1.0,53.0,Pitt-0050015,34.16
224,0.0,16.0,Yale-0050561,29.02
225,0.0,8.33,Yale-0050571,29.27
226,0.0,2.67,SBL-0051565,29.13
227,1.0,59.0,SDSU-0050217,29.67
228,0.0,5.0,Trinity-0050236,30.41
229,0.0,10.67,Yale-0050562,32.6
230,0.0,9.33,NYU-0051028,31.05
231,0.0,10.67,NYU-0051025,32.24
232,1.0,83.33,Stanford-0051161,29.25
233,1.0,97.0,Stanford-0051195,28.17
234,1.0,71.33,NYU-0051071,28.54
235,0.0,2.33,SBL-0051566,28.43
236,1.0,85.0,UCLA-2-0051317,29.68
237,0.0,15.67,NYU-0050977,31.53
238,0.0,3.67,Leuven-1-0050689,32.08
239,0.0,13.0,NYU-0050976,31.07
240,0.0,9.0,NYU-0051106,30.35
241,0.0,7.0,USM-0050515,45.6
242,0.0,36.67,UM-2-0050387,28.12
243,0.0,8.0,UCLA-1-0051252,28.89
244,0.0,20.0,SDSU-0050188,30.99
245,0.0,39.0,UM-1-0050302,24.77
246,0.0,10.0,OHSU-0050160,28.91
247,0.0,1.67,MaxMun-c-0051339,29.84
248,0.0,5.67,UM-1-0050287,27.84
249,1.0,94.0,SDSU-0050211,31.56
250,0.0,10.0,NYU-0050992,29.2
251,0.0,6.33,KKI-0050820,28.9
252,0.0,10.33,USM-0050455,45.54
253,0.0,6.67,Pitt-0050011,35.12
254,0.0,10.33,NYU-0051091,30.09
255,0.0,9.33,Yale-0050574,29.95
256,1.0,54.67,Stanford-0051189,28.67
257,0.0,16.0,USM-0050490,47.95
258,0.0,10.33,KKI-0050796,30.51
259,0.0,4.33,Caltech-0051471,29.21
260,0.0,3.67,MaxMun-c-0051343,29.03
261,0.0,23.0,Stanford-0051185,29.23
262,1.0,88.0,UCLA-1-0051238,31.06
263,0.0,35.67,UM-1-0050272,27.92
264,1.0,60.67,MaxMun-d-0051358,28.01
265,0.0,48.0,NYU-0050965,30.41
266,0.0,13.0,NYU-0051010,28.97
267,0.0,19.33,UCLA-1-0051220,28.29
268,0.0,10.33,UCLA-1-0051269,30.55
269,0.0,10.67,Stanford-0051180,29.0
270,0.0,9.0,SDSU-0050215,30.04
271,1.0,86.67,UCLA-1-0051227,29.73
272,0.0,43.33,Yale-0050617,32.22
273,0.0,1.33,CMU-b-0050650,26.09
274,0.0,2.67,CMU-a-0050647,28.56
275,0.0,6.33,OHSU-0050143,28.68
276,0.0,22.33,Stanford-0051179,28.52
277,0.0,3.67,UM-1-0050295,26.52
278,0.0,8.67,UM-2-0050417,27.79
279,0.0,7.0,Leuven-2-0050740,30.51
280,0.0,17.67,UCLA-2-0051301,28.04
281,0.0,49.67,UCLA-2-0051292,29.12
282,0.0,9.33,UCLA-1-0051221,31.67
283,0.0,4.67,SBL-0051576,28.76
284,0.0,12.0,Yale-0050575,33.23
285,0.0,3.67,SBL-0051564,29.43
286,0.0,2.0,CMU-a-0050654,29.34
287,1.0,62.67,UM-1-0050307,27.12
288,0.0,18.67,Trinity-0050246,31.76
289,0.0,6.33,MaxMun-b-0051325,28.01
290,1.0,54.33,SDSU-0050191,32.13
291,0.0,8.0,OHSU-0050149,30.4
292,0.0,3.33,MaxMun-c-0051345,28.89
293,0.0,4.67,Yale-0050628,30.5
294,1.0,91.33,Stanford-0051175,29.02
295,0.0,27.33,UM-1-0050363,28.67
296,0.0,46.0,NYU-0050998,29.48
297,0.0,10.67,NYU-0051088,28.92
298,0.0,20.33,SDSU-0050195,30.15
299,0.0,11.0,UCLA-1-0051216,30.06
300,0.0,22.67,Stanford-0051172,29.5
301,0.0,4.67,USM-0050516,44.83
302,0.0,7.67,USM-0050470,46.3
303,1.0,92.67,Stanford-0051165,27.76
304,0.0,9.0,Leuven-1-0050695,32.11
305,0.0,4.33,NYU-0051129,29.84
306,0.0,24.67,UM-2-0050403,27.35
307,0.0,3.0,MaxMun-d-0051329,28.94
308,0.0,7.33,USM-0050530,45.04
309,1.0,66.0,SDSU-0050189,31.68
310,1.0,75.0,UM-1-0050373,27.2
311,0.0,6.67,USM-0050504,48.21
312,1.0,70.67,Stanford-0051196,28.78
313,0.0,9.33,USM-0050466,45.89
314,0.0,5.0,USM-0050481,46.96
315,1.0,85.33,Stanford-0051173,27.77
316,0.0,7.0,KKI-0050776,29.33
317,0.0,10.0,UCLA-1-0051226,27.12
318,0.0,7.0,USM-0050434,43.55
319,0.0,20.67,NYU-0050952,29.81
320,0.0,8.0,NYU-0051065,29.68
321,1.0,61.0,Pitt-0050007,35.4
322,0.0,3.0,UM-1-0050293,27.35
323,0.0,7.0,Yale-0050615,29.88
324,0.0,27.33,UM-1-0050354,26.91
325,0.0,7.0,NYU-0051000,30.31
326,0.0,19.67,KKI-0050792,29.69
327,0.0,35.0,NYU-0050989,28.46
328,0.0,11.33,NYU-0050986,29.73
329,0.0,33.67,UM-2-0050422,27.22
330,0.0,18.67,KKI-0050816,29.68
331,0.0,13.67,NYU-0051024,31.02
332,0.0,9.33,UM-1-0050366,28.18
333,0.0,8.0,Leuven-2-0050749,32.44
334,0.0,40.0,UM-1-0050278,28.54
335,0.0,33.0,Pitt-0050048,34.71
336,1.0,61.33,SDSU-0050182,31.79
337,0.0,2.0,UM-1-0050275,26.25
338,0.0,4.0,CMU-b-0050651,32.46
339,0.0,3.67,UM-2-0050408,29.27
340,0.0,5.0,Yale-0050611,30.81
341,0.0,8.67,Pitt-0050041,34.9
342,0.0,5.67,Olin-0050121,30.63
343,0.0,6.67,Yale-0050573,30.88
344,0.0,8.33,Pitt-0050025,35.39
345,0.0,17.67,MaxMun-c-0051336,30.24
346,0.0,7.0,NYU-0050995,30.38
347,0.0,11.67,Yale-0050609,29.96
348,0.0,5.67,NYU-0051023,31.24
349,0.0,7.67,Yale-0050613,31.84
350,0.0,20.67,Stanford-0051197,28.82
351,0.0,8.33,NYU-0051149,29.89
352,1.0,58.33,MaxMun-b-0051324,28.26
353,0.0,6.0,UM-2-0050413,29.58
354,0.0,5.33,UM-1-0050335,26.78
355,0.0,11.0,NYU-0051124,31.48
356,0.0,2.67,UM-1-0050343,24.82
357,0.0,15.67,MaxMun-b-0051327,29.53
358,0.0,5.33,Yale-0050622,29.81
359,0.0,33.33,NYU-0051041,28.77
360,0.0,11.33,NYU-0051086,29.77
361,0.0,9.0,KKI-0050788,29.97
362,0.0,17.33,MaxMun-d-0051355,28.14
363,0.0,4.33,Yale-0050567,31.8
364,0.0,8.0,Yale-0050555,33.07
365,0.0,7.67,Trinity-0050252,29.71
366,0.0,2.67,SBL-0051563,30.07
367,0.0,7.67,Pitt-0050042,35.57
368,0.0,6.0,UM-2-0050419,26.72
369,0.0,8.67,Pitt-0050008,35.71
370,0.0,15.67,SDSU-0050209,31.84
371,0.0,8.67,NYU-0050966,30.33
372,0.0,6.67,UM-1-0050330,26.97
373,0.0,13.33,NYU-0051084,28.87
374,0.0,4.33,Yale-0050572,30.69
375,0.0,14.0,KKI-0050812,29.37
376,0.0,6.33,UM-1-0050274,30.81
377,0.0,14.33,Pitt-0050022,35.74
378,0.0,9.33,NYU-0051128,31.52
379,0.0,3.67,UM-1-0050346,27.85
380,1.0,56.0,NYU-0051033,28.36
381,0.0,20.0,Pitt-0050036,34.0
382,0.0,8.67,NYU-0050993,29.0
383,0.0,13.33,NYU-0051069,29.94
384,0.0,15.67,NYU-0050969,27.32
385,0.0,14.67,Stanford-0051163,29.31
386,0.0,8.0,USM-0050528,45.99
387,0.0,4.33,UCLA-2-0051305,29.62
388,0.0,7.0,NYU-0051123,29.14
389,0.0,33.67,Olin-0050129,30.0
390,0.0,1.67,Trinity-0050241,29.96
391,0.0,3.0,KKI-0050784,28.44
392,0.0,37.0,UCLA-1-0051250,30.88
393,0.0,1.33,SBL-0051561,30.38
394,0.0,11.0,Pitt-0050051,35.3
395,0.0,13.67,NYU-0050960,29.87
396,0.0,9.0,UM-1-0050350,27.22
397,0.0,8.0,NYU-0051146,30.31
398,0.0,11.0,MaxMun-a-0051369,29.68
399,0.0,33.0,UM-1-0050332,27.51
400,1.0,63.67,UCLA-1-0051282,28.87
401,0.0,25.67,NYU-0051159,29.78
402,0.0,5.33,UM-1-0050349,27.04
403,0.0,7.0,Pitt-0050055,35.66
404,0.0,11.33,Trinity-0050232,30.81
405,0.0,8.0,NYU-0051054,29.49
406,0.0,2.33,UM-2-0050428,26.22
407,0.0,6.0,UM-1-0050273,29.34
408,0.0,23.33,UM-2-0050411,29.56
409,0.0,5.0,Yale-0050626,34.16
410,0.0,2.67,UM-1-0050344,25.86
411,0.0,7.67,MaxMun-c-0051341,30.16
412,0.0,36.67,Pitt-0050031,33.73
413,0.0,17.67,Pitt-0050052,34.78
414,0.0,30.67,NYU-0051008,29.43
415,0.0,3.33,Yale-0050551,30.17
416,0.0,11.33,Yale-0050566,31.87
417,0.0,6.67,UM-2-0050412,27.7
418,0.0,6.0,Pitt-0050038,34.9
419,1.0,58.33,SDSU-0050198,30.94
420,0.0,6.33,Leuven-2-0050753,33.05
421,0.0,6.33,Yale-0050568,29.87
422,0.0,14.0,NYU-0050961,29.75
423,0.0,2.67,UM-2-0050402,27.02
424,0.0,10.67,UM-1-0050298,26.81
425,0.0,6.0,Pitt-0050012,33.5
426,0.0,8.67,Olin-0050106,30.63
427,0.0,13.33,NYU-0051012,29.83
428,0.0,19.33,UM-2-0050410,27.92
429,0.0,6.33,KKI-0050772,30.69
430,0.0,9.33,Yale-0050554,32.6
431,0.0,10.0,Yale-0050610,31.87
432,0.0,6.0,SBL-0051556,30.02
433,0.0,9.33,NYU-0051100,29.98
434,0.0,8.0,NYU-0051032,29.57
435,0.0,13.67,NYU-0051078,28.69
436,0.0,7.33,Olin-0050107,32.32
437,0.0,10.33,NYU-0051026,31.38
438,0.0,6.0,Caltech-0051493,31.6
439,0.0,9.0,NYU-0051103,30.24
440,0.0,9.0,NYU-0051081,28.98
441,0.0,12.67,Leuven-2-0050747,32.42
442,0.0,3.67,UM-1-0050331,27.21
443,0.0,4.0,UM-1-0050334,26.36
444,0.0,4.0,Leuven-2-0050757,31.38
445,0.0,3.67,Yale-0050607,34.09
446,0.0,6.67,Yale-0050569,29.53
447,0.0,2.33,Yale-0050623,33.54
448,0.0,15.0,Stanford-0051198,29.19
449,0.0,10.33,NYU-0050984,29.45
450,0.0,12.67,NYU-0050972,31.01
451,0.0,10.67,NYU-0051040,30.46
452,0.0,4.33,Yale-0050552,34.11
453,0.0,7.67,NYU-0050999,30.55
454,0.0,35.67,Pitt-0050026,35.24
455,0.0,4.0,UM-1-0050297,27.64
456,0.0,8.67,Pitt-0050009,35.49
457,0.0,6.0,Yale-0050614,31.17
458,0.0,13.33,NYU-0051006,29.83
459,0.0,9.67,UM-2-0050407,27.62
460,0.0,6.33,UM-1-0050300,25.62
461,0.0,10.33,SDSU-0050204,30.22
462,0.0,16.67,KKI-0050795,30.1
463,0.0,13.67,Yale-0050553,31.71
464,0.0,8.67,Leuven-2-0050746,32.99
465,0.0,19.33,Pitt-0050019,35.76
466,0.0,2.33,CMU-a-0050659,33.14
467,0.0,7.0,SDSU-0050206,30.52
468,0.0,13.67,UCLA-2-0051302,30.66
469,0.0,7.33,Yale-0050563,31.32
470,0.0,50.0,MaxMun-a-0051365,30.18
471,0.0,13.33,Leuven-2-0050756,33.05
472,0.0,7.0,SDSU-0050210,30.44
473,0.0,8.0,NYU-0051105,29.98
474,0.0,10.0,Yale-0050559,30.75
475,0.0,3.67,UM-1-0050336,25.76
476,0.0,23.67,KKI-0050794,30.79
477,0.0,8.67,USM-0050524,47.38
478,0.0,4.33,Yale-0050570,30.3
479,0.0,3.0,CMU-b-0050644,32.11
480,0.0,3.0,Trinity-0050250,29.69
481,0.0,48.33,NYU-0050957,28.81
482,0.0,15.0,Yale-0050560,33.07
483,0.0,6.33,UM-1-0050367,27.35
484,0.0,3.0,Trinity-0050249,30.28
485,0.0,9.0,NYU-0051148,30.6
486,0.0,9.33,UCLA-2-0051297,33.35
487,0.0,6.33,UM-2-0050424,28.38
488,0.0,12.67,NYU-0051038,29.99
489,0.0,5.33,UM-1-0050353,26.54
490,0.0,1.67,UM-1-0050282,27.5
491,0.0,14.0,KKI-0050824,30.34
492,0.0,9.0,UCLA-2-0051303,30.8
493,0.0,6.33,Leuven-2-0050724,33.35
494,0.0,5.67,KKI-0050800,32.17
495,0.0,6.0,Yale-0050564,28.81
496,0.0,8.0,KKI-0050817,31.33
497,0.0,1.67,UM-1-0050345,25.94
498,0.0,19.0,SDSU-0050184,32.16
499,0.0,9.0,Yale-0050576,29.35
500,1.0,57.67,UCLA-1-0051274,30.46
501,0.0,9.0,NYU-0050974,29.06
502,0.0,5.0,UM-1-0050276,28.28
503,0.0,10.67,UM-1-0050357,27.59
504,0.0,13.0,NYU-0051035,28.33
505,0.0,19.0,NYU-0051003,29.23
506,0.0,26.33,MaxMun-d-0051361,30.67
507,0.0,10.33,NYU-0050967,28.1
508,0.0,7.0,Yale-0050621,29.62
509,0.0,46.0,SDSU-0050216,31.13
510,0.0,11.0,NYU-0051016,31.61
511,0.0,8.33,NYU-0051052,29.07
512,0.0,11.0,NYU-0051075,29.42
513,0.0,6.67,Caltech-0051463,30.84
514,0.0,13.33,NYU-0051085,28.71
515,0.0,5.33,USM-0050496,49.24
516,0.0,28.33,UCLA-2-0051295,29.57
517,0.0,6.0,UM-2-0050425,28.94
518,0.0,15.33,NYU-0051001,30.26
519,0.0,3.67,UM-1-0050294,26.15
520,0.0,12.33,NYU-0051064,29.98
521,0.0,3.0,SBL-0051578,29.38
522,0.0,6.0,UM-1-0050339,26.98
523,0.0,5.33,UM-1-0050327,29.48
524,0.0,6.0,Yale-0050601,32.09
525,0.0,5.33,UCLA-2-0051309,27.32
526,0.0,13.0,UCLA-1-0051239,30.38
527,0.0,8.33,Olin-0050128,30.81
528,0.0,4.67,UM-1-0050348,26.63
529,0.0,7.0,NYU-0051055,28.99
530,0.0,10.33,Yale-0050608,31.41
531,0.0,19.67,NYU-0051021,30.37
532,0.0,12.33,Olin-0050103,30.56
533,0.0,9.67,Pitt-0050058,35.26
534,0.0,9.33,Yale-0050556,32.0
535,0.0,11.67,KKI-0050780,30.34
536,0.0,8.33,Pitt-0050006,34.68
537,0.0,7.0,KKI-0050801,30.75
538,0.0,4.33,Yale-0050624,31.65
539,0.0,10.67,NYU-0051083,29.66
540,0.0,6.0,MaxMun-d-0051351,29.56
541,0.0,3.67,Trinity-0050235,29.22
542,0.0,7.67,NYU-0050994,29.12
543,0.0,6.0,UM-1-0050342,26.89
544,0.0,7.33,Leuven-2-0050743,32.04
545,0.0,9.33,NYU-0051013,28.27
546,0.0,16.67,NYU-0051080,30.22
547,0.0,4.33,Trinity-0050248,29.26
548,0.0,24.0,NYU-0051017,30.08
549,0.0,7.0,Olin-0050132,32.31
550,0.0,12.67,Leuven-1-0050686,32.35
551,0.0,7.67,NYU-0050991,29.57
552,0.0,7.67,Pitt-0050044,34.76
553,0.0,7.0,NYU-0050982,28.21
554,0.0,12.67,UCLA-1-0051219,30.61
555,0.0,24.67,UM-1-0050325,28.49
556,0.0,6.33,SDSU-0050208,30.9
557,0.0,30.0,MaxMun-c-0051348,29.89
558,0.0,22.0,KKI-0050787,31.15
559,0.0,6.67,Yale-0050603,33.38
560,0.0,7.0,Pitt-0050040,35.59
561,0.0,47.0,Leuven-1-0050682,32.35
562,0.0,5.0,NYU-0051063,29.42
563,0.0,10.67,NYU-0051089,28.85
564,0.0,12.0,Pitt-0050039,35.68
565,0.0,26.67,Pitt-0050013,34.04
566,0.0,16.0,NYU-0050979,31.31
567,0.0,6.0,Yale-0050578,33.61
568,0.0,8.67,NYU-0051027,30.38
569,0.0,37.0,UCLA-2-0051299,28.25
570,0.0,19.67,NYU-0051153,30.77
571,0.0,12.0,NYU-0051112,29.41
572,0.0,5.67,UM-1-0050291,25.2
573,0.0,3.67,NYU-0051058,28.2
574,0.0,9.33,NYU-0050997,30.72
575,1.0,61.33,Leuven-2-0050744,31.62
576,0.0,11.0,NYU-0051101,30.63
577,0.0,4.0,Leuven-1-0050693,31.88
578,0.0,9.33,NYU-0051066,29.52
579,0.0,7.0,Pitt-0050032,35.35
580,0.0,9.33,Leuven-2-0050722,32.48
581,0.0,15.67,NYU-0051079,29.42
582,0.0,12.0,NYU-0051074,30.66
583,0.0,12.33,NYU-0051116,31.01
584,0.0,14.33,SDSU-0050194,30.33
585,0.0,19.33,OHSU-0050163,30.9
586,0.0,5.67,Pitt-0050035,34.5
587,0.0,6.0,MaxMun-a-0051321,28.56
588,0.0,4.67,Pitt-0050030,35.42
589,0.0,8.67,MaxMun-a-0051363,28.76
590,0.0,1.0,CMU-a-0050642,29.21
591,0.0,6.33,Leuven-2-0050726,33.85
592,0.0,6.67,NYU-0051029,30.15
593,0.0,10.67,Leuven-2-0050732,32.25
594,0.0,0.67,CMU-a-0050649,30.28
595,0.0,7.0,NYU-0051121,28.43
596,0.0,2.33,SBL-0051557,28.93
597,0.0,8.0,Leuven-1-0050702,32.6
598,0.0,7.67,OHSU-0050162,29.03
599,0.0,8.67,NYU-0051155,30.64
600,0.0,7.67,MaxMun-b-0051323,29.1
601,0.0,5.67,Leuven-1-0050692,32.88
602,0.0,11.0,NYU-0051045,28.93
603,0.0,9.0,Olin-0050125,31.12
604,0.0,8.67,Caltech-0051466,31.43
605,0.0,10.67,Leuven-2-0050738,32.22
606,0.0,7.33,NYU-0051077,31.0
607,0.0,6.33,KKI-0050797,30.64
608,0.0,7.33,OHSU-0050147,29.82
609,0.0,5.0,NYU-0051046,29.25
610,0.0,9.0,NYU-0051131,31.43
611,0.0,8.67,Caltech-0051484,31.29
612,0.0,4.67,KKI-0050799,30.64
613,0.0,6.67,Leuven-1-0050691,32.8
614,0.0,6.67,Leuven-2-0050737,32.55
615,0.0,5.67,Caltech-0051491,30.62
616,0.0,5.0,Leuven-1-0050696,32.52
617,0.0,10.0,NYU-0051019,30.93
618,0.0,9.33,NYU-0051126,29.95
619,0.0,15.0,NYU-0050990,30.75
620,0.0,7.0,KKI-0050775,31.35
621,0.0,5.67,KKI-0050773,30.52
622,0.0,5.33,Leuven-1-0050708,32.08
623,0.0,6.33,NYU-0050954,28.6
624,0.0,5.67,SBL-0051582,30.81
625,0.0,5.33,Leuven-2-0050742,32.86
626,0.0,3.0,CMU-b-0050669,31.02
627,0.0,7.0,NYU-0051062,28.24
628,0.0,13.0,NYU-0051099,30.02
629,0.0,9.67,Pitt-0050043,35.47
630,0.0,7.33,Olin-0050134,31.04
631,0.0,4.67,Leuven-2-0050741,31.4
632,0.0,10.33,NYU-0050985,29.63
633,0.0,1.67,SBL-0051573,30.04
634,0.0,8.33,SBL-0051558,27.98
635,0.0,2.0,MaxMun-c-0051332,31.43
636,0.0,2.67,SBL-0051577,29.49
637,0.0,8.33,Pitt-0050024,35.17
638,0.0,2.67,SBL-0051562,28.97
639,0.0,7.0,MaxMun-d-0051354,28.95
640,0.0,7.67,Pitt-0050057,33.31
641,0.0,13.0,NYU-0050970,29.25
642,0.0,5.67,OHSU-0050159,29.85
643,0.0,9.33,NYU-0051130,30.32
644,0.0,5.67,Leuven-1-0050704,33.23
645,0.0,8.0,Olin-0050118,31.23
646,0.0,6.33,NYU-0050996,28.06
647,0.0,6.0,Olin-0050127,31.65
648,0.0,3.67,Leuven-1-0050688,33.45
649,0.0,3.67,SBL-0051569,29.59
650,0.0,7.0,Leuven-2-0050755,32.0
651,0.0,5.33,KKI-0050783,28.84
652,0.0,7.67,Leuven-2-0050748,32.58
653,0.0,3.67,SBL-0051579,29.21
654,0.0,6.67,Leuven-2-0050730,31.59
655,0.0,5.0,NYU-0051020,29.77
656,0.0,9.67,Leuven-2-0050725,32.76
657,0.0,3.0,SBL-0051584,28.98
658,0.0,7.67,NYU-0051067,30.89
659,0.0,7.33,Leuven-1-0050690,32.15
660,0.0,3.67,NYU-0051049,27.75
661,0.0,6.67,Caltech-0051479,28.88
662,0.0,5.33,CMU-a-0050656,30.76
663,0.0,5.33,NYU-0051111,29.04
664,0.0,10.0,NYU-0051068,30.05
665,0.0,9.33,NYU-0051073,28.49
666,0.0,8.0,NYU-0051061,29.0
667,0.0,6.67,OHSU-0050150,30.5
668,0.0,7.0,NYU-0051113,29.87
669,0.0,9.0,NYU-0051156,30.32
670,0.0,21.33,NYU-0051009,30.44
671,0.0,13.0,NYU-0050973,30.3
672,0.0,5.33,SDSU-0050183,29.63
673,0.0,8.0,NYU-0051147,30.39
674,0.0,13.0,NYU-0051090,28.19
675,0.0,3.67,Olin-0050104,31.52
676,0.0,5.67,MaxMun-d-0051360,29.37
677,0.0,2.33,SBL-0051560,28.68
678,0.0,4.0,SBL-0051571,30.34
679,0.0,7.33,NYU-0051076,29.9
680,0.0,9.33,Leuven-2-0050723,31.95
681,0.0,10.0,OHSU-0050153,29.87
682,0.0,8.67,NYU-0051098,29.55
683,0.0,6.67,KKI-0050777,31.02
684,0.0,9.67,Pitt-0050014,33.93
685,0.0,5.0,Leuven-2-0050752,31.54
686,0.0,12.0,NYU-0051122,30.86
687,0.0,7.33,OHSU-0050152,29.68
688,0.0,20.67,Leuven-1-0050685,32.53
689,0.0,6.0,KKI-0050782,28.72
690,0.0,5.33,Pitt-0050050,35.05
691,0.0,7.0,Pitt-0050027,33.67
692,0.0,2.33,MaxMun-a-0051370,30.3
693,0.0,8.33,Pitt-0050034,35.16
694,0.0,6.67,KKI-0050778,28.49
695,0.0,2.33,SBL-0051559,29.59
696,0.0,6.67,Caltech-0051473,30.48
697,0.0,4.0,Leuven-1-0050709,32.65
698,0.0,6.67,NYU-0051014,28.88
699,0.0,6.0,Leuven-2-0050731,32.3
700,0.0,9.33,NYU-0051048,30.57
701,0.0,11.33,NYU-0051110,31.96
702,0.0,4.33,SBL-0051581,28.95
703,0.0,14.33,Pitt-0050016,35.33
704,0.0,18.33,NYU-0051002,31.12
705,0.0,4.33,MaxMun-a-0051318,29.49
706,0.0,2.67,KKI-0050790,28.64
707,0.0,7.67,Leuven-1-0050683,32.5
708,0.0,10.33,NYU-0051018,30.42
709,0.0,7.0,OHSU-0050164,28.92
710,0.0,4.33,SBL-0051574,29.01
711,0.0,4.33,KKI-0050807,30.33
712,0.0,6.33,Leuven-1-0050700,32.52
713,0.0,2.67,MaxMun-b-0051322,28.6
714,0.0,2.0,SBL-0051568,29.2
715,0.0,10.0,NYU-0051151,31.31
716,0.0,6.0,Caltech-0051485,31.65
717,0.0,5.0,NYU-0050988,28.57
718,0.0,7.0,NYU-0051059,29.49
719,0.0,6.67,Leuven-1-0050698,32.5
720,0.0,5.33,SDSU-0050196,30.94
721,0.0,8.67,NYU-0051087,29.06
722,0.0,6.33,Leuven-1-0050687,32.46
723,0.0,14.33,NYU-0051102,30.35
724,0.0,7.0,Leuven-2-0050733,31.94
725,0.0,6.33,MaxMun-a-0051606,31.37
726,0.0,11.33,Leuven-2-0050745,31.42
727,0.0,4.33,SBL-0051572,29.39
728,0.0,5.33,SDSU-0050187,30.48
729,0.0,41.67,NYU-0050968,29.16
730,0.0,6.67,KKI-0050774,30.18
731,0.0,4.67,NYU-0051154,28.74
732,0.0,9.0,NYU-0050956,29.41
733,0.0,6.0,Leuven-1-0050706,32.49
734,0.0,4.0,KKI-0050823,28.67
735,0.0,1.67,SBL-0051580,29.92
736,0.0,5.67,NYU-0051057,28.94
737,0.0,7.33,SDSU-0050193,30.85
738,0.0,5.0,OHSU-0050156,29.43
739,0.0,4.67,Caltech-0051487,31.14
740,0.0,5.0,Pitt-0050005,35.42
741,0.0,6.67,Olin-0050117,30.75
742,0.0,2.0,SBL-0051583,30.13
743,0.0,5.67,OHSU-0050158,28.02
744,0.0,7.33,Pitt-0050056,33.6
745,0.0,5.0,OHSU-0050144,30.01
746,0.0,8.33,Caltech-0051492,31.28
747,0.0,20.0,NYU-0050958,29.6
748,0.0,5.33,OHSU-0050157,30.1
749,0.0,7.33,NYU-0051118,28.92
750,0.0,7.67,Caltech-0051464,33.76
751,0.0,6.67,NYU-0051050,29.08
752,0.0,3.67,Olin-0050123,31.8
753,0.0,7.33,NYU-0051056,29.6
754,0.0,9.33,NYU-0051072,30.45
755,0.0,5.33,Caltech-0051478,30.17
756,0.0,6.33,Leuven-1-0050697,34.48
757,0.0,8.67,NYU-0051015,29.11
758,0.0,5.67,Leuven-1-0050699,31.96
759,0.0,7.33,Caltech-0051482,30.86
760,0.0,10.67,NYU-0051042,26.7
761,0.0,10.67,NYU-0051150,30.1
762,0.0,2.33,SBL-0051570,29.13
763,0.0,7.67,KKI-0050814,30.29
764,0.0,9.33,NYU-0051060,29.4
765,0.0,7.33,NYU-0051104,30.9
766,0.0,16.67,Olin-0050109,30.93
767,0.0,4.67,KKI-0050822,29.06
768,0.0,9.33,Pitt-0050023,35.28
769,0.0,17.33,NYU-0050962,28.83
770,0.0,6.0,SBL-0051585,28.86
771,0.0,8.33,Leuven-1-0050703,32.93
772,0.0,6.67,NYU-0051053,29.99
773,0.0,8.33,OHSU-0050142,30.8
774,0.0,6.67,MaxMun-c-0051338,29.42
775,0.0,10.0,Pitt-0050010,35.14
776,0.0,5.67,Caltech-0051486,31.04
777,0.0,8.67,NYU-0051117,30.38
778,0.0,9.0,UCLA-1-0051229,30.15
779,0.0,3.0,Trinity-0050262,30.4
780,0.0,7.67,UCLA-2-0051291,30.03
781,0.0,0.0,UM-1-0050347,26.71
782,0.0,7.33,UM-1-0050372,28.81
783,0.0,10.33,UCLA-1-0051224,29.51
784,0.0,6.67,UCLA-1-0051262,29.15
785,0.0,3.0,USM-0050468,49.9
786,0.0,9.67,UCLA-1-0051241,28.06
787,0.0,5.67,SDSU-0050203,31.76
788,0.0,10.0,UCLA-2-0051307,29.35
789,0.0,10.33,UCLA-1-0051235,30.63
790,0.0,6.0,Caltech-0051460,29.62
791,0.0,7.33,USM-0050440,46.6
792,0.0,12.0,USM-0050509,51.03
793,0.0,4.67,UM-1-0050379,28.55
794,0.0,3.33,Trinity-0050237,33.19
795,0.0,6.0,UM-2-0050418,27.61
796,0.0,2.67,CMU-a-0050664,29.33
797,0.0,3.33,MaxMun-c-0051342,28.56
798,0.0,3.67,UM-1-0050360,26.68
799,0.0,7.33,USM-0050520,46.31
800,0.0,2.67,CMU-b-0050652,31.16
801,0.0,2.33,MaxMun-c-0051334,31.13
802,0.0,9.67,UCLA-1-0051273,29.58
803,0.0,3.33,Yale-0050558,30.79
804,0.0,5.0,UCLA-1-0051222,29.07
805,0.0,7.67,UCLA-1-0051249,31.38
806,0.0,15.0,UM-2-0050426,27.49
807,0.0,1.33,CMU-a-0050653,31.29
808,0.0,3.0,Trinity-0051140,30.2
809,0.0,2.67,UM-1-0050355,26.58
810,0.0,3.33,MaxMun-c-0051344,29.64
811,0.0,8.33,UM-2-0050416,27.56
812,0.0,1.67,UM-1-0050361,27.05
813,0.0,5.33,UM-1-0050376,26.55
814,0.0,4.0,Trinity-0050261,31.15
815,0.0,1.67,Trinity-0050245,30.1
816,0.0,6.33,Yale-0050620,29.28
817,0.0,8.33,USM-0050477,47.24
818,0.0,2.67,Trinity-0050259,30.23
819,0.0,13.0,UCLA-1-0051251,28.08
820,0.0,6.33,KKI-0050802,28.72
821,0.0,1.33,CMU-a-0050668,29.49
822,0.0,8.33,UCLA-1-0051207,29.74
823,0.0,6.33,USM-0050486,45.72
824,0.0,5.33,UM-1-0050381,28.02
825,0.0,18.33,UCLA-1-0051281,29.93
826,0.0,7.33,USM-0050532,44.16
827,0.0,4.67,Olin-0050115,29.88
828,0.0,5.0,UCLA-1-0051280,29.56
829,0.0,5.67,USM-0050488,45.63
830,0.0,8.0,USM-0050501,47.65
831,0.0,4.67,Yale-0050619,30.63
832,0.0,8.33,UCLA-1-0051264,29.14
833,0.0,15.33,UCLA-1-0051266,31.73
834,0.0,7.67,Caltech-0051469,30.97
835,0.0,4.67,USM-0050485,48.01
836,0.0,7.33,USM-0050521,47.68
837,0.0,5.67,UM-2-0050382,28.94
838,0.0,6.33,USM-0050526,47.67
839,0.0,10.67,UCLA-1-0051279,30.18
840,0.0,6.67,Trinity-0050247,30.08
841,0.0,4.33,KKI-0050819,29.85
842,0.0,6.0,USM-0050442,48.15
843,0.0,7.67,UCLA-1-0051208,28.25
844,0.0,3.67,Trinity-0050269,29.7
845,0.0,2.67,UM-1-0050320,28.34
846,0.0,5.33,UM-2-0050390,28.83
847,0.0,2.67,CMU-b-0050657,32.51
848,0.0,5.0,MaxMun-c-0051340,29.8
849,0.0,5.67,USM-0050483,46.49
850,0.0,10.33,UCLA-1-0051225,29.15
851,0.0,3.67,Trinity-0050268,30.21
852,0.0,3.67,Trinity-0050270,31.14
853,0.0,8.67,UCLA-1-0051237,30.47
854,0.0,11.0,Pitt-0050045,35.59
855,0.0,5.67,USM-0050514,45.15
856,0.0,7.0,UCLA-1-0051204,28.82
857,0.0,6.33,Trinity-0050254,29.97
858,0.0,4.0,UCLA-1-0051248,28.51
859,0.0,3.67,UM-2-0050427,26.76
860,0.0,8.33,UCLA-1-0051218,29.5
861,0.0,4.33,UM-1-0050351,27.52
862,0.0,4.0,USM-0050439,48.34
863,0.0,5.67,UM-1-0050292,26.29
864,0.0,3.67,UM-2-0050397,27.46
865,0.0,9.0,UCLA-1-0051275,29.39
866,0.0,3.67,Leuven-1-0050710,32.4
867,0.0,6.33,UM-2-0050404,26.74
868,0.0,3.33,CMU-a-0050660,31.27
869,0.0,7.0,USM-0050531,48.22
870,0.0,2.67,Trinity-0050253,29.77
871,0.0,11.0,UM-1-0050285,27.91
872,0.0,4.0,Trinity-0051142,29.63
873,0.0,10.0,UCLA-1-0051223,28.7
874,0.0,3.33,Trinity-0051139,30.48
875,0.0,7.33,USM-0050523,48.85
876,0.0,6.33,USM-0050441,49.13
877,0.0,2.0,CMU-b-0050661,28.25
878,0.0,9.0,UCLA-1-0051265,28.87
879,0.0,4.0,Trinity-0050234,31.31
880,0.0,7.0,USM-0050500,50.63
881,0.0,5.0,USM-0050499,48.62
882,0.0,3.33,Trinity-0051132,31.08
883,0.0,7.33,USM-0050492,47.98
884,0.0,2.67,Trinity-0050264,30.97
885,0.0,6.67,UCLA-2-0051311,29.69
886,0.0,5.67,USM-0050503,45.42
887,0.0,3.67,Trinity-0050257,29.82
888,0.0,7.67,UM-1-0050370,27.23
889,0.0,4.0,CMU-b-0050643,30.45
890,0.0,7.33,UCLA-1-0051231,29.06
891,0.0,6.67,USM-0050493,47.66
892,0.0,6.0,SDSU-0050199,30.07
893,0.0,6.0,UM-2-0050421,26.6
894,0.0,7.0,USM-0050527,46.58
895,0.0,5.67,UCLA-1-0051240,31.22
896,0.0,4.33,UCLA-1-0051205,29.18
897,0.0,7.0,Olin-0050116,32.38
898,0.0,5.33,CMU-a-0050666,31.32
899,0.0,12.33,UCLA-1-0051277,31.34
900,0.0,6.0,USM-0050491,50.11
901,0.0,9.0,UCLA-2-0051308,30.63
902,0.0,13.67,OHSU-0050166,30.22
903,0.0,7.0,UCLA-1-0051214,29.65
904,0.0,7.67,KKI-0050793,29.92
905,0.0,1.67,Trinity-0050255,30.17
906,0.0,2.67,UM-1-0050301,26.98
907,0.0,4.0,Trinity-0051135,30.03
908,0.0,8.0,Leuven-1-0050694,32.64
909,0.0,2.0,UM-1-0050341,25.6
910,0.0,4.67,Caltech-0051456,30.34
911,0.0,5.33,USM-0050447,46.41
912,0.0,12.0,USM-0050453,45.92
913,0.0,10.33,UCLA-1-0051206,32.06
914,0.0,4.33,UM-2-0050415,29.4
915,0.0,3.33,USM-0050525,48.54
916,0.0,1.67,Trinity-0050263,31.84
917,0.0,0.33,CMU-b-0050645,28.57
918,0.0,4.67,USM-0050482,44.55
919,0.0,8.33,UCLA-2-0051298,29.85
920,0.0,8.0,UCLA-1-0051236,27.73
921,0.0,3.67,Trinity-0050243,30.04
922,0.0,6.0,USM-0050502,48.25
923,0.0,5.0,MaxMun-d-0051357,29.27
924,0.0,3.67,CMU-a-0050663,31.95
925,0.0,4.67,MaxMun-a-0051319,29.48
926,0.0,5.33,Yale-0050625,28.76
927,0.0,7.67,USM-0050480,51.53
928,0.0,4.0,Yale-0050616,30.15
929,0.0,2.67,UM-1-0050286,27.19
930,0.0,5.67,USM-0050433,47.18
931,0.0,6.0,Caltech-0051462,31.56
932,0.0,6.0,UCLA-1-0051276,30.71
933,0.0,1.67,UM-1-0050369,26.55
934,0.0,5.33,USM-0050469,47.98
935,0.0,8.0,UCLA-1-0051267,30.34
936,0.0,10.0,UCLA-1-0051202,28.78
937,0.0,5.33,Caltech-0051457,31.36
938,0.0,7.33,KKI-0050803,30.87
939,0.0,6.0,UM-2-0050405,28.3
940,0.0,7.67,UCLA-1-0051261,29.49
941,0.0,3.0,UM-1-0050374,26.72
942,0.0,7.0,UCLA-1-0051260,29.76
943,0.0,5.0,Caltech-0051458,30.61
944,0.0,2.33,Trinity-0050267,30.75
945,0.0,5.0,Caltech-0051490,30.29
946,0.0,6.33,Caltech-0051461,33.74
947,0.0,4.33,UCLA-1-0051255,28.91
948,0.0,10.67,UM-1-0050318,27.78
949,0.0,3.33,SDSU-0050205,30.96
950,0.0,5.33,Trinity-0050239,31.21
951,0.0,3.0,Trinity-0051138,30.51
952,0.0,11.0,USM-0050448,47.55
953,0.0,7.33,Leuven-2-0050727,31.52
954,0.0,5.0,CMU-b-0050658,31.98
955,0.0,3.67,CMU-b-0050667,31.9
956,0.0,5.33,USM-0050498,47.43
957,0.0,8.67,UM-1-0050377,28.87
958,0.0,3.0,UM-1-0050329,29.39
959,0.0,0.0,KKI-0050818,25.24
960,0.0,6.33,Pitt-0050046,35.02
961,0.0,4.67,UM-1-0050364,27.1
962,0.0,2.33,Trinity-0051141,31.17
963,0.0,4.0,CMU-a-0050665,28.9
964,0.0,2.0,USM-0050519,44.21
965,0.0,6.33,Leuven-1-0050711,31.81
966,0.0,6.0,Caltech-0051483,30.65
967,0.0,9.67,UCLA-1-0051217,28.3
968,0.0,6.67,USM-0050438,46.62
969,0.0,3.0,Trinity-0050271,29.54
970,0.0,7.33,USM-0050510,43.63
971,0.0,6.33,Caltech-0051470,31.53
972,0.0,5.67,USM-0050529,47.05
973,0.0,7.0,USM-0050445,47.26
974,0.0,3.0,Trinity-0050251,30.58
975,0.0,2.0,Trinity-0050233,31.23
976,0.0,2.33,Trinity-0050260,30.21
977,0.0,6.33,USM-0050437,46.64
978,0.0,7.67,UM-1-0050310,27.01
979,0.0,4.67,CMU-b-0050655,33.14
980,0.0,6.0,29395,30.94
981,0.0,22.33,29222,30.99
982,0.0,2.0,29595,29.88
983,1.0,75.0,29311,30.86
984,0.0,9.67,29194,29.24
985,0.0,8.0,29182,27.72
986,0.0,8.0,29198,30.38
987,0.0,10.67,29166,29.93
988,0.0,11.33,29414,29.62
989,0.0,7.33,28837,31.53
990,0.0,13.0,29224,30.78
991,0.0,8.0,29667,32.07
992,0.0,6.0,29552,39.5
993,0.0,5.0,28902,31.01
994,0.0,5.33,28997,29.64
995,0.0,2.67,29365,28.51
996,0.0,7.33,29122,32.65
997,0.0,3.33,28894,27.96
998,0.0,6.67,29357,30.42
999,0.0,5.67,29084,32.12
1000,0.0,18.33,29320,30.23
1001,0.0,5.67,29193,28.62
1002,1.0,90.33,29878,33.25
1003,0.0,6.67,29123,32.86
1004,1.0,72.67,29900,31.83
1005,0.0,7.0,28759,29.55
1006,0.0,3.67,28760,31.13
1007,0.0,12.33,29152,27.35
1008,0.0,36.0,29897,32.26
1009,0.0,5.67,29540,43.21
1010,0.0,7.33,29358,28.82
1011,0.0,7.33,28920,33.29
1012,0.0,10.33,29154,29.18
1013,0.0,2.33,29012,26.83
1014,0.0,1.33,29665,28.98
1015,0.0,6.33,29297,29.28
1016,0.0,3.33,29608,31.44
1017,0.0,2.33,29539,40.07
1018,0.0,6.67,29440,28.68
1019,0.0,7.67,29108,32.55
1020,0.0,6.33,28821,29.0
1021,0.0,8.33,28983,29.88
1022,0.0,2.0,29349,28.76
1023,0.0,4.33,29876,32.27
1024,1.0,79.0,28784,31.22
1025,0.0,6.0,28950,28.29
1026,0.0,8.33,29189,28.49
1027,0.0,5.67,29800,30.79
1028,1.0,70.67,29628,30.33
1029,0.0,4.67,29584,28.55
1030,0.0,13.67,29447,29.35
1031,0.0,3.0,29059,33.52
1032,0.0,11.67,28755,31.36
1033,0.0,4.0,28999,28.99
1034,0.0,9.0,29197,28.95
1035,1.0,94.33,29599,30.94
1036,0.0,10.67,29891,32.6
1037,0.0,11.33,28989,29.75
1038,0.0,33.33,29150,30.41
1039,0.0,11.67,29191,29.37
1040,0.0,4.0,29070,33.18
1041,0.0,3.67,29063,32.98
1042,0.0,10.33,28801,29.53
1043,0.0,10.0,28845,30.46
1044,0.0,4.0,29587,29.32
1045,0.0,3.67,29572,43.47
1046,0.0,3.0,29375,30.12
1047,0.0,4.67,28762,30.33
1048,0.0,7.33,28975,30.37
1049,0.0,41.33,28766,30.44
1050,0.0,11.0,29249,29.59
1051,0.0,6.33,29905,32.46
1052,0.0,16.0,29181,27.73
1053,0.0,5.33,29865,33.15
1054,0.0,4.67,29121,32.51
1055,0.0,5.67,29093,32.49
1056,0.0,14.67,28767,29.69
1057,0.0,5.0,29382,28.57
1058,0.0,2.33,29592,30.49
1059,0.0,5.67,28826,28.51
1060,0.0,4.67,29130,32.37
1061,1.0,74.67,29363,29.3
1062,0.0,3.0,29007,29.91
1063,1.0,90.0,28776,30.03
1064,0.0,4.33,29799,30.59
1065,0.0,7.0,30013,30.41
1066,0.0,6.0,29613,31.31
1067,0.0,9.0,28974,30.17
1068,0.0,5.33,29333,27.5
1069,0.0,4.67,29497,48.6
1070,0.0,1.67,29010,28.47
1071,0.0,0.67,29575,43.92
1072,0.0,4.67,29283,30.11
1073,0.0,8.67,29350,34.28
1074,0.0,6.67,29088,30.84
1075,0.0,14.0,29362,30.45
1076,0.0,7.67,29099,31.76
1077,0.0,10.0,30017,29.63
1078,1.0,91.33,29902,33.37
1079,0.0,1.67,29586,29.04
1080,1.0,57.0,28761,28.96
1081,0.0,3.67,28855,31.55
1082,0.0,7.0,29305,29.23
1083,0.0,12.0,29156,29.23
1084,0.0,13.0,29184,28.76
1085,0.0,9.0,29563,42.74
1086,0.0,8.33,30162,28.88
1087,0.0,6.0,29622,35.55
1088,0.0,9.67,29874,33.88
1089,0.0,8.0,28994,28.46
1090,0.0,4.67,28853,31.95
1091,1.0,95.0,29062,32.91
1092,1.0,60.67,29576,42.72
1093,0.0,5.0,28924,29.13
1094,0.0,4.67,29136,31.58
1095,1.0,50.33,28752,31.59
1096,0.0,9.67,29237,30.2
1097,0.0,6.0,28887,30.18
1098,1.0,96.0,28816,31.0
1099,0.0,45.0,29881,31.83
1100,0.0,5.0,29401,29.13
1101,0.0,2.33,29431,28.65
1102,0.0,40.67,29178,30.12
1103,0.0,1.67,29006,29.34
1104,0.0,11.33,28836,30.48
1105,1.0,93.67,28764,31.01
1106,0.0,4.0,29289,29.2
1107,0.0,9.33,29378,29.55
1108,0.0,6.0,28785,29.84
1109,0.0,4.67,29795,30.83
1110,0.0,2.33,29057,31.78
1111,0.0,5.0,30007,30.14
1112,0.0,11.0,28968,29.84
1113,0.0,3.67,29451,29.26
1114,0.0,7.0,28859,28.85
1115,0.0,10.33,29162,30.02
1116,0.0,1.67,29618,30.93
1117,0.0,4.0,29082,32.06
1118,0.0,2.67,29087,32.55
1119,0.0,13.33,29253,27.63
1120,1.0,88.67,28769,29.56
1121,0.0,3.67,29323,30.88
1122,0.0,3.0,29581,29.97
1123,0.0,3.67,29439,27.37
1124,0.0,3.0,29585,31.24
1125,0.0,35.67,29615,30.68
1126,0.0,10.33,30158,30.13
1127,0.0,9.67,29313,31.23
1128,0.0,15.0,29250,29.67
1129,0.0,10.33,29318,28.93
1130,0.0,3.0,29071,32.23
1131,0.0,14.0,29155,30.84
1132,0.0,7.0,28982,30.99
1133,0.0,7.33,30161,28.75
1134,0.0,7.0,29483,28.43
1135,0.0,29.67,29069,32.6
1136,0.0,5.67,29538,42.22
1137,1.0,86.33,29394,28.98
1138,0.0,5.0,28937,34.24
1139,0.0,14.67,28771,29.71
1140,0.0,4.0,28903,29.24
1141,0.0,2.0,29471,28.44
1142,0.0,7.0,29001,29.14
1143,0.0,7.0,29325,30.69
1144,0.0,7.67,29917,30.96
1145,0.0,26.33,28831,30.7
1146,0.0,34.33,29208,29.9
1147,0.0,4.33,28861,29.31
1148,0.0,4.0,29794,29.92
1149,0.0,5.33,28885,29.31
1150,0.0,3.67,29516,45.99
1151,0.0,5.0,28834,28.8
1152,1.0,94.33,29102,30.79
1153,0.0,12.33,28925,33.5
1154,0.0,8.33,28956,30.64
1155,0.0,8.67,29898,32.68
1156,0.0,3.0,29606,30.17
1157,0.0,6.33,30008,30.22
1158,0.0,4.33,28873,29.02
1159,0.0,15.33,29308,29.47
1160,0.0,4.0,28995,30.56
1161,0.0,10.67,28980,27.94
1162,0.0,5.0,29895,31.21
1163,1.0,95.33,29894,31.92
1164,0.0,32.0,29288,31.08
1165,0.0,44.33,29209,31.13
1166,0.0,11.33,29164,26.9
1167,0.0,3.33,29190,32.57
1168,0.0,7.33,29442,28.93
1169,0.0,2.33,29465,28.82
1170,0.0,8.67,29204,28.86
1171,0.0,5.0,29560,39.69
1172,0.0,1.33,29484,28.15
1173,0.0,5.33,29567,40.22
1174,0.0,2.67,29485,27.27
1175,0.0,13.33,28930,34.14
1176,0.0,7.0,29877,31.55
1177,1.0,83.0,28856,31.31
1178,0.0,10.33,29340,30.36
1179,0.0,9.67,29904,32.91
1180,0.0,7.0,30155,27.65
1181,0.0,13.33,29669,29.71
1182,0.0,42.0,29410,29.38
1183,0.0,16.67,29098,31.92
1184,0.0,4.0,28996,30.78
1185,0.0,6.67,29328,30.63
1186,0.0,10.0,29356,29.73
1187,0.0,14.0,29134,31.96
1188,0.0,4.0,28857,30.85
1189,0.0,9.33,29866,31.01
1190,0.0,6.33,28907,32.16
1191,0.0,7.0,28744,30.59
1192,0.0,4.0,29319,29.3
1193,0.0,6.33,29916,32.71
1194,0.0,5.0,28813,29.27
1195,0.0,16.0,28879,29.99
1196,0.0,3.0,29359,29.99
1197,0.0,3.0,29321,29.87
1198,0.0,6.0,29896,32.13
1199,0.0,4.67,29542,39.82
1200,0.0,5.67,29334,28.87
1201,0.0,7.0,29507,45.54
1202,1.0,78.33,29179,29.34
1203,1.0,76.0,29285,30.79
1204,0.0,5.33,29309,29.03
1205,0.0,10.0,29225,29.48
1206,0.0,7.33,29133,31.85
1207,0.0,1.67,29545,39.79
1208,0.0,4.67,29090,31.93
1209,0.0,5.33,29003,29.97
1210,0.0,3.67,28854,31.87
1211,0.0,3.67,29446,29.73
1212,0.0,6.0,29512,46.53
1213,0.0,4.33,29573,40.66
1214,0.0,3.33,29296,28.68
1215,1.0,88.67,28802,32.13
1216,0.0,7.67,29080,32.14
1217,0.0,6.0,28998,29.7
1218,0.0,2.0,29076,32.36
1219,0.0,13.67,29229,29.81
1220,0.0,3.0,28870,28.38
1221,0.0,6.67,29998,30.68
1222,0.0,22.0,29106,31.47
1223,0.0,4.67,28842,28.54
1224,0.0,9.67,28990,30.06
1225,0.0,6.33,28971,34.02
1226,0.0,9.0,28824,30.51
1227,1.0,77.67,29079,32.09
1228,0.0,5.33,29434,31.99
1229,0.0,4.67,29437,30.09
1230,1.0,84.33,30027,29.42
1231,0.0,6.33,28967,30.0
1232,0.0,5.0,29400,28.32
1233,0.0,17.0,29241,30.4
1234,0.0,5.33,29868,31.93
1235,0.0,11.0,29899,32.06
1236,0.0,15.33,29281,32.87
1237,0.0,4.67,29566,40.91
1238,0.0,3.0,29605,31.67
1239,0.0,8.33,28820,29.64
1240,0.0,5.67,29343,28.65
1241,0.0,4.67,28800,31.48
1242,0.0,5.0,29522,47.67
1243,0.0,3.0,29278,29.81
1244,0.0,3.67,28883,31.38
1245,1.0,72.67,28840,30.36
1246,0.0,1.33,29594,30.67
1247,0.0,49.67,29884,31.7
1248,0.0,8.67,29912,32.94
1249,0.0,4.0,29342,29.29
1250,1.0,63.33,28809,30.51
1251,0.0,5.67,29242,28.22
1252,1.0,85.33,29352,32.88
1253,0.0,3.67,28810,29.58
1254,0.0,2.67,29443,28.74
1255,0.0,9.33,29231,27.91
1256,0.0,8.67,29226,29.99
1257,1.0,94.0,28823,30.22
1258,0.0,14.67,29183,27.69
1259,0.0,4.0,29662,29.99
1260,1.0,52.0,29330,29.69
1261,0.0,3.0,29105,32.76
1262,0.0,6.33,29120,32.77
1263,1.0,81.33,29893,33.62
1264,0.0,2.0,29453,29.0
1265,0.0,2.67,29600,31.5
1266,0.0,10.0,28793,29.61
1267,0.0,8.33,30009,29.91
1268,1.0,76.67,29416,28.86
1269,0.0,7.33,30010,29.98
1270,0.0,15.33,28791,30.0
1271,1.0,90.33,29207,31.16
1272,0.0,15.0,29377,30.73
1273,1.0,58.0,29914,32.85
1274,0.0,8.0,29335,29.1
1275,0.0,14.67,29188,31.6
1276,0.0,4.67,29574,40.48
1277,0.0,9.33,29466,28.37
1278,1.0,88.67,28807,29.84
1279,0.0,4.0,29355,28.76
1280,0.0,3.33,29671,32.07
1281,0.0,7.33,29886,33.6
1282,0.0,7.67,29324,30.58
1283,0.0,2.0,29564,39.79
1284,0.0,27.0,29163,29.53
1285,0.0,2.0,29597,29.09
1286,0.0,6.0,29329,30.7
1287,0.0,7.33,30023,29.91
1288,0.0,2.0,29014,28.03
1289,0.0,5.67,28899,32.04
1290,0.0,16.33,29404,30.22
1291,0.0,8.67,28941,29.53
1292,0.0,1.67,29089,32.42
1293,0.0,7.0,29160,29.02
1294,0.0,1.33,29464,29.02
1295,0.0,11.67,29221,30.28
1296,0.0,8.33,28742,30.27
1297,0.0,7.33,29000,28.92
1298,0.0,1.33,29013,29.64
1299,0.0,11.0,28970,30.1
1300,0.0,7.67,29496,48.31
1301,0.0,5.33,28905,31.26
1302,0.0,7.33,28829,30.75
1303,0.0,4.33,29660,30.43
1304,0.0,12.33,28804,30.19
1305,0.0,5.33,29114,31.86
1306,0.0,6.67,29505,45.37
1307,0.0,5.0,28828,29.58
1308,1.0,87.33,29292,29.29
1309,0.0,3.67,29476,28.3
1310,0.0,7.0,28790,29.83
1311,0.0,6.0,30019,30.45
1312,0.0,10.33,29196,29.85
1313,0.0,8.33,28895,32.1
1314,0.0,6.33,28981,29.74
1315,0.0,10.33,29185,29.21
1316,0.0,3.67,29380,29.19
1317,0.0,3.33,29602,31.35
1318,0.0,7.0,28783,29.79
1319,0.0,6.0,28865,31.26
1320,0.0,4.33,29397,29.37
1321,0.0,7.0,28898,31.57
1322,0.0,1.67,29589,31.28
1323,0.0,7.33,29450,28.49
1324,0.0,12.33,28892,32.05
1325,0.0,3.33,29449,28.54
1326,0.0,3.33,29470,28.64
1327,0.0,5.67,29310,30.15
1328,0.0,3.0,29664,30.23
1329,0.0,23.67,29199,27.9
1330,0.0,4.0,29677,29.62
1331,0.0,10.67,29248,29.48
1332,0.0,33.0,29889,32.7
1333,0.0,3.0,29475,28.68
1334,0.0,6.67,28945,28.93
1335,1.0,77.33,29883,32.02
1336,0.0,9.67,28896,29.72
1337,0.0,9.67,29153,28.63
1338,0.0,6.0,29634,28.98
1339,0.0,8.0,29869,32.82
1340,0.0,6.0,29518,46.85
1341,0.0,4.0,29498,44.12
1342,0.0,10.0,28979,29.01
1343,0.0,8.0,29240,27.98
1344,0.0,9.67,29562,42.61
1345,0.0,19.33,28774,29.85
1346,1.0,67.33,29064,32.35
1347,0.0,5.33,28750,29.66
1348,0.0,8.0,28811,28.74
1349,0.0,8.0,28947,30.04
1350,0.0,2.67,29454,28.29
1351,0.0,6.33,29135,32.22
1352,0.0,4.33,29657,30.15
1353,0.0,5.0,29399,28.73
1354,0.0,18.67,29091,31.95
1355,0.0,2.0,29601,30.6
1356,0.0,10.67,29392,29.12
1357,0.0,5.0,28797,28.23
1358,0.0,1.33,29058,32.31
1359,0.0,9.33,28978,30.17
1360,0.0,2.0,29474,28.03
1361,0.0,4.0,28880,29.19
1362,0.0,16.33,29180,27.65
1363,0.0,5.33,28943,29.25
1364,0.0,4.33,29570,40.82
1365,0.0,6.0,29366,29.6
1366,0.0,3.33,29072,33.02
1367,0.0,2.67,29316,29.07
1368,0.0,14.0,28803,30.09
1369,1.0,92.0,28773,29.4
1370,0.0,5.33,29347,29.58
1371,0.0,7.67,29445,29.09
1372,0.0,43.33,29424,29.45
1373,1.0,73.33,29078,31.3
1374,0.0,6.33,29588,30.02
1375,0.0,3.33,29384,30.63
1376,1.0,60.67,28775,29.04
1377,0.0,3.0,29457,28.37
1378,0.0,8.67,29387,28.87
1379,0.0,11.0,28962,29.4
1380,0.0,25.33,29875,31.98
1381,0.0,7.67,29367,31.14
1382,1.0,94.67,29873,31.88
1383,0.0,8.0,29544,40.83
1384,0.0,5.67,29177,28.51
1385,0.0,8.0,29300,28.77
1386,0.0,2.0,29060,30.62
1387,0.0,6.33,28822,30.16
1388,0.0,2.33,28992,34.01
1389,0.0,2.0,29364,28.47
1390,0.0,6.33,29307,29.99
1391,0.0,15.0,29186,27.89
1392,0.0,5.33,28935,29.91
1393,0.0,9.0,29345,31.12
1394,0.0,5.67,29888,32.81
1395,0.0,2.67,29593,29.67
1396,0.0,1.33,29008,27.37
1397,0.0,7.67,28847,29.9
1398,0.0,11.0,28908,32.48
1399,0.0,3.67,28869,32.11
1400,0.0,10.33,28901,28.54
1401,0.0,7.67,29294,30.8
1402,1.0,68.0,29293,29.69
1403,0.0,5.67,29867,30.77
1404,1.0,62.67,28754,29.89
1405,0.0,8.0,28985,30.22
1406,0.0,9.67,28814,29.78
1407,0.0,8.33,28964,30.92
1408,0.0,7.67,29232,29.22
1409,0.0,7.67,29202,30.7
1410,0.0,5.33,28884,31.38
1411,0.0,3.0,29598,30.58
1412,0.0,25.33,28825,30.83
1413,0.0,7.0,28778,27.62
1414,0.0,2.33,29402,27.51
1415,0.0,5.67,29066,33.09
1416,0.0,6.0,29403,29.11
1417,0.0,14.0,29481,28.31
1418,0.0,1.67,29435,29.32
1419,0.0,3.67,29131,32.09
1420,0.0,4.33,29373,28.51
1421,0.0,2.33,29609,30.84
1422,1.0,92.33,28782,32.08
1423,1.0,67.67,30022,30.24
1424,0.0,12.33,29210,31.09
1425,0.0,14.67,28746,29.73
1426,1.0,80.67,29870,33.65
1427,0.0,6.0,29243,27.85
1428,0.0,9.67,29171,28.95
1429,0.0,2.0,29425,29.71
1430,0.0,28.67,29461,29.15
1431,1.0,74.67,29361,30.07
1432,0.0,2.67,29427,29.4
1433,0.0,13.0,28817,31.08
1434,1.0,61.67,29626,29.2
1435,0.0,30.33,28843,30.37
1436,0.0,7.0,29379,30.16
1437,0.0,7.67,28753,29.15
1438,0.0,7.0,29227,27.14
1439,1.0,72.67,28777,31.68
1440,0.0,4.0,29620,31.94
1441,0.0,7.33,29116,31.97
1442,0.0,4.0,30028,30.24
1443,0.0,4.67,30164,33.73
1444,0.0,8.67,29901,33.35
1445,0.0,4.33,28787,29.47
1446,0.0,7.0,28876,30.59
1447,0.0,11.67,30163,28.41
1448,1.0,75.67,29100,31.13
1449,0.0,8.0,29368,31.66
1450,0.0,3.33,29624,29.29
1451,0.0,3.67,29674,28.94
1452,0.0,7.0,28942,29.45
1453,0.0,2.0,29011,28.9
1454,0.0,3.33,29678,30.69
1455,0.0,11.0,29353,30.08
1456,0.0,16.67,28768,29.44
1457,0.0,7.67,30165,29.69
1458,0.0,4.0,28878,31.55
1459,0.0,5.0,29203,28.19
1460,0.0,10.33,28933,33.99
1461,0.0,5.67,29172,28.36
1462,0.0,3.0,29611,30.51
1463,0.0,3.67,28872,29.23
1464,0.0,8.67,29376,30.11
1465,0.0,13.0,29206,31.33
1466,0.0,0.67,29478,28.64
1467,0.0,7.67,28977,30.03
1468,0.0,16.67,29201,30.61
1469,0.0,5.33,29472,28.41
1470,0.0,3.67,29571,39.4
1471,0.0,5.0,29429,29.31
1472,0.0,8.33,29510,44.92
1473,0.0,7.67,30016,30.25
1474,0.0,19.0,29503,48.1
1475,0.0,8.33,28741,29.1
1476,0.0,1.67,29616,29.38
1477,0.0,3.0,29419,28.59
1478,0.0,6.33,29132,32.67
1479,0.0,30.0,29890,31.4
1480,0.0,5.0,29513,45.61
1481,0.0,7.0,29168,28.19
1482,0.0,4.0,29526,45.31
1483,0.0,7.67,29126,32.25
1484,0.0,4.67,29551,40.81
1485,0.0,8.0,28891,30.83
1486,0.0,21.0,29422,29.09
1487,0.0,9.0,29887,30.82
1488,0.0,7.67,28976,30.2
1489,1.0,80.67,29591,28.8
1490,0.0,15.0,29910,32.5
1491,0.0,30.67,29390,28.56
1492,0.0,41.67,29195,31.33
1493,1.0,94.0,28818,31.22
1494,0.0,8.67,28788,30.48
1495,0.0,8.67,28991,30.08
1496,0.0,7.33,29381,30.1
1497,0.0,4.0,29629,30.76
1498,0.0,3.33,29085,32.95
1499,0.0,7.0,30154,29.71
1500,0.0,5.0,28888,31.01
1501,0.0,10.67,29338,30.49
1502,0.0,6.67,29433,29.83
1503,1.0,59.67,30002,30.75
1504,0.0,12.33,29413,28.16
1505,0.0,6.67,29286,29.94
1506,0.0,8.0,28988,29.34
1507,0.0,9.0,29444,28.71
1508,0.0,5.33,29103,32.51
1509,0.0,3.33,29557,41.12
1510,0.0,8.0,30160,30.08
1511,0.0,7.33,29511,45.67
1512,0.0,5.33,30156,33.45
1513,0.0,4.33,28779,29.79
1514,0.0,7.67,29396,29.85
1515,1.0,86.67,29372,30.18
1516,0.0,8.67,29109,32.94
1517,1.0,83.0,29290,31.17
1518,0.0,7.0,29326,30.33
1519,0.0,5.33,28757,28.46
1520,0.0,41.33,28805,30.42
1521,0.0,8.33,29228,29.12
1522,0.0,2.0,29612,29.54
1523,0.0,2.67,29074,32.3
1524,0.0,4.0,29631,30.61
1525,1.0,68.67,29274,29.74
1526,0.0,5.33,29892,32.37
1527,0.0,8.67,29077,32.87
1528,0.0,1.67,29547,40.82
1529,0.0,10.0,29287,29.25
1530,0.0,8.33,29213,26.52
1531,0.0,4.67,28909,31.4
1532,0.0,7.0,28852,30.91
1533,0.0,6.33,28835,30.34
1534,0.0,6.33,29501,48.54
1535,0.0,6.0,29337,29.24
1536,0.0,2.33,30015,29.94
1537,1.0,96.0,28799,31.11
1538,0.0,8.33,29159,27.52
1539,0.0,4.33,29556,41.51
1540,0.0,6.33,29997,30.09
1541,0.0,3.33,29582,29.27
1542,0.0,2.0,29009,29.16
1543,1.0,64.33,29623,28.38
1544,0.0,5.0,29301,29.34
1545,0.0,2.67,29666,30.03
1546,0.0,7.67,28946,28.86
1547,0.0,4.33,29543,39.7
1548,1.0,86.33,29561,44.05
1549,0.0,1.0,29455,29.32
1550,0.0,10.0,29125,32.29
1551,0.0,5.67,30024,30.15
1552,1.0,84.33,29908,32.53
1553,0.0,2.67,29617,30.62
1554,0.0,6.67,28944,28.65
1555,0.0,5.67,28897,31.55
1556,0.0,5.0,28780,29.81
1557,0.0,5.33,29233,27.99
1558,0.0,12.67,28772,29.88
1559,0.0,8.33,30006,30.78
1560,0.0,6.0,29500,46.25
1561,0.0,7.0,29553,43.85
1562,0.0,14.0,29176,28.67
1563,0.0,6.33,29659,30.7
1564,1.0,95.0,28965,29.57
1565,0.0,2.33,29407,28.07
1566,0.0,4.33,28751,28.34
1567,1.0,92.67,28781,30.12
1568,0.0,3.67,29668,28.8
1569,0.0,4.67,28874,31.8
1570,0.0,7.0,30011,29.86
1571,0.0,28.67,29480,29.2
1572,0.0,15.67,29104,32.96
1573,0.0,6.67,28986,30.17
1574,0.0,7.0,29218,28.71
1575,0.0,6.33,28993,29.84
1576,0.0,3.0,29614,31.08
1577,0.0,5.0,28806,29.95
1578,0.0,8.0,29661,29.17
1579,0.0,2.33,28882,29.54
1580,0.0,4.0,28846,29.82
1581,0.0,4.33,29872,33.09
1582,0.0,12.67,29314,31.28
1583,0.0,5.33,30021,28.75
1584,0.0,1.67,29627,31.68
1585,0.0,8.0,29279,30.0
1586,0.0,18.33,29216,31.78
1587,0.0,4.67,28758,29.36
1588,0.0,7.33,29284,29.58
1589,1.0,63.0,29151,29.11
1590,0.0,2.67,29619,29.8
1591,0.0,6.0,29658,29.51
1592,0.0,5.67,28763,27.81
1593,0.0,12.33,28940,28.98
1594,1.0,85.33,29630,29.58
1595,0.0,2.33,29462,28.13
1596,0.0,4.33,29117,33.55
1597,0.0,4.33,29548,40.22
1598,1.0,80.0,29999,30.06
1599,0.0,5.0,28863,29.84
1600,0.0,5.0,28893,29.33
1601,0.0,10.67,29158,26.86
1602,0.0,11.33,28841,28.75
1603,0.0,3.33,28796,30.57
1604,1.0,79.0,29527,47.87
1605,0.0,7.0,29495,46.4
1606,0.0,4.67,29460,28.17
1607,0.0,6.67,29332,29.55
1608,0.0,7.0,29275,29.86
1609,0.0,4.33,29676,31.87
1610,1.0,93.33,29880,33.24
1611,0.0,5.0,30004,30.55
1612,0.0,5.67,28867,30.05
1613,0.0,4.33,29554,41.75
1614,0.0,4.0,28748,30.09
1615,0.0,10.33,28966,29.18
1616,0.0,4.33,29477,27.48
1617,0.0,19.0,29885,32.91
1618,0.0,7.33,28749,30.1
1619,0.0,36.67,29167,28.86
1620,0.0,18.33,28953,29.09
1621,0.0,8.33,29315,29.25
1622,0.0,3.33,29555,37.42
1623,0.0,2.0,29580,30.86
1624,1.0,73.0,29234,29.94
1625,0.0,1.33,29092,31.95
1626,0.0,46.33,29370,28.91
1627,1.0,90.67,28756,31.01
1628,0.0,16.33,28839,29.15
1629,0.0,13.33,28963,33.83
1630,0.0,3.67,29312,28.33
1631,0.0,21.0,29192,31.11
1632,0.0,26.33,29909,32.7
1633,0.0,28.0,28770,29.94
1634,1.0,92.33,29398,31.02
1635,0.0,4.33,28927,30.82
1636,0.0,12.33,29468,29.08
1637,0.0,7.0,28931,34.16
1638,0.0,1.67,29073,31.83
1639,0.0,3.0,29371,28.28
1640,0.0,13.0,28948,31.94
1641,0.0,2.0,29094,31.47
1642,0.0,4.33,28871,28.96
1643,0.0,3.67,29124,32.08
1644,0.0,15.0,29165,28.31
1645,0.0,14.0,29385,30.11
1646,0.0,2.0,29463,28.18
1647,0.0,4.67,29679,30.25
1648,0.0,5.67,29675,30.05
1649,0.0,4.0,29086,31.93
1650,0.0,3.0,29568,39.42
1651,0.0,10.33,28952,28.54
1652,0.0,40.33,29223,27.95
1653,0.0,1.67,29423,28.95
1654,0.0,5.67,29913,34.13
1655,1.0,90.67,28819,30.67
1656,0.0,4.33,29541,41.54
1657,0.0,7.67,29247,28.37
1658,0.0,7.0,28812,30.0
1659,0.0,9.0,29469,28.83
1660,0.0,6.0,28860,30.67
1661,0.0,6.67,29235,28.9
1662,0.0,10.33,29244,30.1
1663,0.0,15.33,29436,28.57
1664,0.0,6.67,28900,31.71
1665,0.0,4.33,29107,32.71
1666,0.0,6.67,29306,29.95
1667,0.0,5.67,29412,29.13
1668,0.0,6.0,28827,28.02
1669,0.0,8.33,28973,27.73
1670,0.0,8.67,29065,32.15
1671,0.0,5.67,29420,29.07
1672,0.0,15.67,29096,31.05
1673,1.0,59.33,28838,29.87
1674,1.0,74.33,29632,30.1
1675,0.0,6.33,28862,27.82
1676,0.0,5.33,28926,34.14
1677,0.0,12.33,30029,30.2
1678,0.0,3.0,29523,44.07
1679,1.0,89.33,28794,31.02
1680,0.0,7.0,29277,29.24
1681,0.0,12.0,29452,29.26
1682,0.0,5.67,29621,30.15
1683,0.0,3.67,29903,33.25
1684,1.0,53.67,29113,31.75
1685,0.0,7.33,29211,32.69
1686,0.0,4.0,29441,29.29
1687,0.0,7.33,29005,28.39
1688,0.0,1.0,29656,29.19
1689,0.0,3.0,29411,28.48
1690,0.0,7.33,29205,29.63
1691,0.0,6.33,29797,32.72
1692,0.0,10.0,29097,32.37
1693,0.0,5.67,29129,32.55
1694,0.0,9.67,28877,31.88
1695,0.0,6.67,28904,32.05
1696,0.0,5.33,28864,30.11
1697,0.0,5.33,29438,28.72
1698,0.0,11.33,29236,28.86
1699,0.0,2.67,29482,27.93
1700,0.0,6.0,28792,30.38
1701,0.0,6.0,29115,31.09
1702,0.0,3.0,29590,29.53
1703,0.0,3.0,29596,29.17
1704,0.0,12.0,29220,30.03
1705,0.0,6.67,28743,29.32
1706,0.0,33.67,29458,28.27
1707,0.0,6.33,29383,28.97
1708,0.0,10.0,29081,31.85
1709,1.0,51.33,29418,29.7
1710,0.0,8.0,28765,29.87
1711,0.0,9.0,29276,30.31
1712,0.0,7.0,30157,29.26
1713,0.0,13.0,29327,31.09
1714,0.0,7.67,28938,30.29
1715,0.0,7.67,29386,28.25
1716,0.0,16.0,29273,30.17
1717,0.0,8.33,28889,31.79
1718,0.0,12.67,29157,27.5
1719,0.0,6.67,29299,28.22
1720,0.0,11.67,29506,50.18
1721,0.0,4.0,28955,30.34
1722,1.0,94.33,29067,33.59
1723,0.0,6.67,29519,44.15
1724,1.0,72.0,29915,32.53
1725,0.0,2.67,29083,32.94
1726,0.0,24.0,28936,34.0
1727,0.0,5.33,29128,31.99
1728,1.0,65.33,29882,32.52
1729,0.0,7.33,28939,30.22
1730,0.0,22.0,29219,27.5
1731,0.0,11.0,29388,29.32
1732,0.0,7.0,28958,31.15
1733,0.0,8.0,28747,29.95
1734,0.0,17.0,29245,30.66
1735,0.0,11.67,29214,28.86
1736,0.0,6.67,29119,31.65
1737,0.0,12.67,29254,30.09
1738,0.0,9.0,29515,47.18
1739,0.0,6.67,29118,32.84
1740,0.0,4.67,30000,32.18
1741,0.0,5.67,28808,29.42
1742,0.0,13.0,29417,28.46
1743,1.0,70.67,28745,28.69
1744,0.0,7.67,28886,31.94
1745,0.0,8.67,30001,30.7
1746,0.0,7.0,30005,30.0
1747,0.0,6.0,29911,33.49
1748,0.0,13.33,29215,28.66
1749,0.0,6.33,29508,45.02
1750,0.0,5.33,29339,29.44
1751,1.0,90.67,29295,30.67
1752,0.0,1.33,29405,29.25
1753,0.0,11.67,28987,30.36
1754,0.0,9.0,28786,29.55
1755,0.0,9.33,29251,29.76
1756,0.0,2.67,29633,30.65
1757,0.0,7.0,30020,30.06
1758,0.0,7.33,29456,29.69
1759,0.0,6.0,29173,27.22
1760,0.0,7.67,28954,29.14
1761,0.0,4.0,29432,28.62
1762,0.0,4.67,28949,29.74
1763,0.0,5.0,30014,29.19
1764,0.0,3.67,29002,29.73
1765,0.0,5.0,29336,29.49
1766,0.0,5.67,28890,32.05
1767,0.0,8.0,29550,41.27
1768,0.0,5.33,29351,28.51
1769,0.0,9.67,30166,29.87
1770,0.0,6.0,29280,29.96
1771,0.0,7.67,30018,30.6
1772,0.0,8.33,29504,28.41
1773,0.0,6.0,28961,29.4
1774,0.0,3.67,29421,29.22
1775,0.0,8.0,29175,28.96
1776,0.0,6.67,29430,29.11
1777,0.0,6.0,29230,27.0
1778,0.0,5.33,28881,30.51
1779,1.0,77.33,29391,31.35
1780,0.0,6.0,29558,41.11
1781,0.0,12.67,29217,28.71
1782,0.0,11.33,29524,48.08
1783,0.0,3.0,29473,28.13
1784,0.0,3.33,28844,28.86
1785,0.0,14.0,29169,30.68
1786,0.0,5.67,29906,33.69
1787,0.0,5.33,28957,30.19
1788,0.0,22.33,29068,33.25
1789,0.0,13.67,28951,29.32
1790,0.0,1.33,29549,43.8
1791,0.0,8.67,29354,30.16
1792,0.0,10.33,29246,29.65
1793,0.0,6.33,28984,30.49
1794,1.0,64.67,29393,29.42
1795,0.0,4.67,28868,30.52
1796,0.0,9.33,30167,29.24
1797,0.0,4.33,28906,30.06
1798,0.0,12.33,29303,30.29
1799,0.0,5.33,29796,29.94
1800,0.0,4.67,29348,30.36
1801,0.0,8.67,29291,27.94
1802,0.0,5.33,28969,30.2
1803,0.0,6.67,28960,29.28
1804,0.0,7.67,29298,30.3
1805,0.0,3.0,29603,30.18
1806,0.0,29.33,28815,29.71
1807,0.0,13.67,29341,30.53
1808,0.0,19.67,29170,28.47
1809,0.0,1.33,29607,30.55
1810,0.0,46.67,28934,27.76
1811,0.0,4.67,29302,29.68
1812,1.0,94.33,29282,29.99
1813,0.0,5.33,29322,29.48
1814,0.0,9.0,29075,32.9
1815,1.0,70.0,28832,30.59
1816,0.0,11.0,29239,28.64
1817,0.0,5.0,29127,32.72
1818,0.0,6.67,29415,29.27
1819,1.0,77.67,29408,32.0
1820,0.0,5.0,28875,28.41
1821,0.0,5.0,28789,30.27
1822,0.0,8.67,29389,31.12
1823,0.0,4.0,28972,30.39
1824,0.0,8.0,29110,30.79
1825,0.0,2.33,29369,28.82
1826,0.0,12.67,29101,32.03
1827,0.0,5.67,28798,29.8
1828,0.0,8.67,28795,29.98
1829,0.0,6.67,29004,29.25
1830,0.0,5.67,28866,32.27
1831,0.0,5.33,29864,33.91
1832,0.0,7.67,29111,32.21
1833,0.0,14.0,28830,29.61
1834,0.0,3.33,28858,28.29
1835,0.0,3.0,29625,29.34
1836,0.0,4.33,29459,28.33
